data,filename
"HM01-GFQ0100-XL-B0","HM01-GFQ0100-XL-B0.png"
"HM01-GFQ0100-XL-R0","HM01-GFQ0100-XL-R0.png"
"HM01-GFQ0100-XL-S0","HM01-GFQ0100-XL-S0.png"
"HM01-GFQ0100-XL-S1","HM01-GFQ0100-XL-S1.png"
"HM01-GFQ0100-XL-S2","HM01-GFQ0100-XL-S2.png"
"HM01-GFQ0100-XR-B0","HM01-GFQ0100-XR-B0.png"
"HM01-GFQ0100-XR-R0","HM01-GFQ0100-XR-R0.png"
"HM01-GFQ0100-XR-S0","HM01-GFQ0100-XR-S0.png"
"HM01-GFQ0100-XR-S1","HM01-GFQ0100-XR-S1.png"
"HM01-GFQ0100-XR-S2","HM01-GFQ0100-XR-S2.png"
"HM01-GPA0101-XL-XX","HM01-GPA0101-XL-XX.png"
"HM01-GPA0101-XR-XX","HM01-GPA0101-XR-XX.png"
"HM01-GPC0100-XL-B0","HM01-GPC0100-XL-B0.png"
"HM01-GPC0100-XL-R0","HM01-GPC0100-XL-R0.png"
"HM01-GPC0100-XL-S0","HM01-GPC0100-XL-S0.png"
"HM01-GPC0100-XR-B0","HM01-GPC0100-XR-B0.png"
"HM01-GPC0100-XR-R0","HM01-GPC0100-XR-R0.png"
"HM01-GPC0100-XR-S0","HM01-GPC0100-XR-S0.png"
"HM01-GPD0101-XL-XX","HM01-GPD0101-XL-XX.png"
"HM01-GPD0101-XR-XX","HM01-GPD0101-XR-XX.png"
"HM01-HCL0100-XX-XX","HM01-HCL0100-XX-XX.png"
"HM01-HCR0100-XX-XX","HM01-HCR0100-XX-XX.png"
"HM01-HDL0101-XL-XX","HM01-HDL0101-XL-XX.png"
"HM01-HDL0101-XR-XX","HM01-HDL0101-XR-XX.png"
"HM01-HDR0101-XL-XX","HM01-HDR0101-XL-XX.png"
"HM01-HDR0101-XR-XX","HM01-HDR0101-XR-XX.png"
"HM01-MBP0100-XX-B0","HM01-MBP0100-XX-B0.png"
"HM01-MBP0100-XX-BL","HM01-MBP0100-XX-BL.png"
"HM01-MBP0100-XX-GR","HM01-MBP0100-XX-GR.png"
"HM01-MBP0100-XX-R0","HM01-MBP0100-XX-R0.png"
"HM01-MBP0100-XX-S0","HM01-MBP0100-XX-S0.png"
"HM01-MBP0100-XX-S3","HM01-MBP0100-XX-S3.png"
"HM01-MBP0100-XX-S4","HM01-MBP0100-XX-S4.png"
"HM01-MBP0100-XX-W0","HM01-MBP0100-XX-W0.png"
"HM01-MBP0100-XX-W1","HM01-MBP0100-XX-W1.png"
"HM01-RRA0100-XL-B1","HM01-RRA0100-XL-B1.png"
"HM01-RRA0100-XL-S0","HM01-RRA0100-XL-S0.png"
"HM01-RRA0100-XR-B1","HM01-RRA0100-XR-B1.png"
"HM01-RRA0100-XR-S0","HM01-RRA0100-XR-S0.png"
"HM01-TGL0100-XX-XX","HM01-TGL0100-XX-XX.png"
"HM01-TGL0200-XX-XX","HM01-TGL0200-XX-XX.png"